Year,Subject,Winner
1901,chemistry,Jacobus Henricus van ‘t Hoff
1901,literature,Sully Prudhomme
1901,medicine,Emil Adolf von Behring
1901,peace,Frédéric Passy
1901,peace,Jean Henry Dunant
1901,physics,Wilhelm Conrad Röntgen
1902,chemistry,Hermann Emil Fischer
1902,literature,Christian Matthias Theodor Mommsen
1902,medicine,Ronald Ross
1902,peace,Charles Albert Gobat
1902,peace,Élie Ducommun
1902,physics,Hendrik Antoon Lorentz
1902,physics,Pieter Zeeman
1903,chemistry,Svante August Arrhenius
1903,literature,Bjørnstjerne Martinus Bjørnson
1903,medicine,Niels Ryberg Finsen
1903,peace,William Randal Cremer
1903,physics,Antoine Henri Becquerel
1903,physics,"Marie Curie, née Sklodowska"
1903,physics,Pierre Curie
1904,chemistry,Sir William Ramsay
1904,literature,Frédéric Mistral
1904,literature,José Echegaray y Eizaguirre
1904,medicine,Ivan Petrovich Pavlov
1904,peace,Institut de droit international (Institute of International Law)
1904,physics,Lord Rayleigh (John William Strutt)
1905,chemistry,Johann Friedrich Wilhelm Adolf von Baeyer
1905,literature,Henryk Sienkiewicz
1905,medicine,Robert Koch
1905,peace,Bertha von Suttner
1905,physics,Philipp Eduard Anton von Lenard
1906,chemistry,Henri Moissan
1906,literature,Giosuè Carducci
1906,medicine,Camillo Golgi
1906,medicine,Santiago Ramón y Cajal
1906,peace,Theodore Roosevelt
1906,physics,Joseph John Thomson
1907,chemistry,Eduard Buchner
1907,literature,Rudyard Kipling
1907,medicine,Charles Louis Alphonse Laveran
1907,peace,Ernesto Teodoro Moneta
1907,peace,Louis Renault
1907,physics,Albert Abraham Michelson
1908,chemistry,Ernest Rutherford
1908,literature,Rudolf Christoph Eucken
1908,medicine,Ilya Ilyich Mechnikov
1908,medicine,Paul Ehrlich
1908,peace,Fredrik Bajer
1908,peace,Klas Pontus Arnoldson
1908,physics,Gabriel Lippmann
1909,chemistry,Wilhelm Ostwald
1909,literature,Selma Ottilia Lovisa Lagerlöf
1909,medicine,Emil Theodor Kocher
1909,peace,Auguste Marie François Beernaert
1909,peace,"Paul Henri Benjamin Balluet d’Estournelles de Constant, Baron de Constant de Rebecque"
1909,physics,Guglielmo Marconi
1909,physics,Karl Ferdinand Braun
1910,chemistry,Otto Wallach
1910,literature,Paul Johann Ludwig Heyse
1910,medicine,Albrecht Kossel
1910,peace,Bureau international permanent de la Paix (Permanent International Peace Bureau)
1910,physics,Johannes Diderik van der Waals
1911,chemistry,"Marie Curie, née Sklodowska"
1911,literature,Count Maurice (Mooris) Polidore Marie Bernhard Maeterlinck
1911,medicine,Allvar Gullstrand
1911,peace,Alfred Hermann Fried
1911,peace,Tobias Michael Carel Asser
1911,physics,Wilhelm Wien
1912,chemistry,Paul Sabatier
1912,chemistry,Victor Grignard
1912,literature,Gerhart Johann Robert Hauptmann
1912,medicine,Alexis Carrel
1912,peace,Elihu Root
1912,physics,Nils Gustaf Dalén
1913,chemistry,Alfred Werner
1913,literature,Rabindranath Tagore
1913,medicine,Charles Robert Richet
1913,peace,Henri La Fontaine
1913,physics,Heike Kamerlingh Onnes
1914,chemistry,Theodore William Richards
1914,medicine,Robert Bárány
1914,physics,Max von Laue
1915,chemistry,Richard Martin Willstätter
1915,literature,Romain Rolland
1915,physics,Sir William Henry Bragg
1915,physics,William Lawrence Bragg
1916,literature,Carl Gustaf Verner von Heidenstam
1917,literature,Henrik Pontoppidan
1917,literature,Karl Adolph Gjellerup
1917,peace,Comité international de la Croix Rouge (International Committee of the Red Cross)
1917,physics,Charles Glover Barkla
1918,chemistry,Fritz Haber
1918,physics,Max Karl Ernst Ludwig Planck
1919,literature,Carl Friedrich Georg Spitteler
1919,medicine,Jules Bordet
1919,peace,Thomas Woodrow Wilson
1919,physics,Johannes Stark
1920,chemistry,Walther Hermann Nernst
1920,literature,Knut Pedersen Hamsun
1920,medicine,Schack August Steenberg Krogh
1920,peace,Léon Victor Auguste Bourgeois
1920,physics,Charles Edouard Guillaume
1921,chemistry,Frederick Soddy
1921,literature,Anatole France
1921,peace,Christian Lous Lange
1921,peace,Karl Hjalmar Branting
1921,physics,Albert Einstein
1922,chemistry,Francis William Aston
1922,literature,Jacinto Benavente
1922,medicine,Archibald Vivian Hill
1922,medicine,Otto Fritz Meyerhof
1922,peace,Fridtjof Nansen
1922,physics,Niels Henrik David Bohr
1923,chemistry,Fritz Pregl
1923,literature,William Butler Yeats
1923,medicine,Frederick Grant Banting
1923,medicine,John James Rickard Macleod
1923,physics,Robert Andrews Millikan
1924,literature,Wladyslaw Stanislaw Reymont
1924,medicine,Willem Einthoven
1924,physics,Karl Manne Georg Siegbahn
1925,chemistry,Richard Adolf Zsigmondy
1925,literature,George Bernard Shaw
1925,peace,Charles Gates Dawes
1925,peace,Sir Austen Chamberlain
1925,physics,Gustav Ludwig Hertz
1925,physics,James Franck
1926,chemistry,The (Theodor) Svedberg
1926,literature,Grazia Deledda
1926,medicine,Johannes Andreas Grib Fibiger
1926,peace,Aristide Briand
1926,peace,Gustav Stresemann
1926,physics,Jean Baptiste Perrin
1927,chemistry,Heinrich Otto Wieland
1927,literature,Henri Bergson
1927,medicine,Julius Wagner-Jauregg
1927,peace,Ferdinand Buisson
1927,peace,Ludwig Quidde
1927,physics,Arthur Holly Compton
1927,physics,Charles Thomson Rees Wilson
1928,chemistry,Adolf Otto Reinhold Windaus
1928,literature,Sigrid Undset
1928,medicine,Charles Jules Henri Nicolle
1928,physics,Owen Willans Richardson
1929,chemistry,Arthur Harden
1929,chemistry,Hans Karl August Simon von Euler-Chelpin
1929,literature,Thomas Mann
1929,medicine,Christiaan Eijkman
1929,medicine,Sir Frederick Gowland Hopkins
1929,peace,Frank Billings Kellogg
1929,physics,Prince Louis-Victor Pierre Raymond de Broglie
1930,chemistry,Hans Fischer
1930,literature,Sinclair Lewis
1930,medicine,Karl Landsteiner
1930,peace,Lars Olof Jonathan (Nathan) Söderblom
1930,physics,Sir Chandrasekhara Venkata Raman
1931,chemistry,Carl Bosch
1931,chemistry,Friedrich Bergius
1931,literature,Erik Axel Karlfeldt
1931,medicine,Otto Heinrich Warburg
1931,peace,Jane Addams
1931,peace,Nicholas Murray Butler
1932,chemistry,Irving Langmuir
1932,literature,John Galsworthy
1932,medicine,Edgar Douglas Adrian
1932,medicine,Sir Charles Scott Sherrington
1932,physics,Werner Karl Heisenberg
1933,literature,Ivan Alekseyevich Bunin
1933,medicine,Thomas Hunt Morgan
1933,peace,Sir Norman Angell (Ralph Lane)
1933,physics,Erwin Schrödinger
1933,physics,Paul Adrien Maurice Dirac
1934,chemistry,Harold Clayton Urey
1934,literature,Luigi Pirandello
1934,medicine,George Hoyt Whipple
1934,medicine,George Richards Minot
1934,medicine,William Parry Murphy
1934,peace,Arthur Henderson
1935,chemistry,Frédéric Joliot
1935,chemistry,Irène Joliot-Curie
1935,medicine,Hans Spemann
1935,peace,Carl von Ossietzky
1935,physics,James Chadwick
1936,chemistry,Petrus (Peter) Josephus Wilhelmus Debye
1936,literature,Eugene Gladstone O’Neill
1936,medicine,Otto Loewi
1936,medicine,Sir Henry Hallett Dale
1936,peace,Carlos Saavedra Lamas
1936,physics,Carl David Anderson
1936,physics,Victor Franz Hess
1937,chemistry,Paul Karrer
1937,chemistry,Walter Norman Haworth
1937,literature,Roger Martin du Gard
1937,medicine,Albert von Szent-Györgyi Nagyrápolt
1937,peace,"Cecil of Chelwood, Viscount (Lord Edgar Algernon Robert Gascoyne Cecil)"
1937,physics,Clinton Joseph Davisson
1937,physics,George Paget Thomson
1938,chemistry,Richard Kuhn
1938,literature,Pearl Buck
1938,medicine,Corneille Jean François Heymans
1938,peace,Office international Nansen pour les Réfugiés (Nansen International Office for Refugees)
1938,physics,Enrico Fermi
1939,chemistry,Adolf Friedrich Johann Butenandt
1939,chemistry,Leopold Ruzicka
1939,literature,Frans Eemil Sillanpää
1939,medicine,Gerhard Domagk
1939,physics,Ernest Orlando Lawrence
1943,chemistry,George de Hevesy
1943,medicine,Edward Adelbert Doisy
1943,medicine,Henrik Carl Peter Dam
1943,physics,Otto Stern
1944,chemistry,Otto Hahn
1944,literature,Johannes Vilhelm Jensen
1944,medicine,Herbert Spencer Gasser
1944,medicine,Joseph Erlanger
1944,peace,Comité international de la Croix Rouge (International Committee of the Red Cross)
1944,physics,Isidor Isaac Rabi
1945,chemistry,Artturi Ilmari Virtanen
1945,literature,Gabriela Mistral
1945,medicine,Ernst Boris Chain
1945,medicine,Sir Alexander Fleming
1945,medicine,Sir Howard Walter Florey
1945,peace,Cordell Hull
1945,physics,Wolfgang Pauli
1946,chemistry,James Batcheller Sumner
1946,chemistry,John Howard Northrop
1946,chemistry,Wendell Meredith Stanley
1946,literature,Hermann Hesse
1946,medicine,Hermann Joseph Muller
1946,peace,Emily Greene Balch
1946,peace,John Raleigh Mott
1946,physics,Percy Williams Bridgman
1947,chemistry,Sir Robert Robinson
1947,literature,André Paul Guillaume Gide
1947,medicine,Bernardo Alberto Houssay
1947,medicine,Carl Ferdinand Cori
1947,medicine,"Gerty Theresa Cori, née Radnitz"
1947,peace,American Friends Service Committee (The Quakers)
1947,peace,Friends Service Council (The Quakers)
1947,physics,Sir Edward Victor Appleton
1948,chemistry,Arne Wilhelm Kaurin Tiselius
1948,literature,Thomas Stearns Eliot
1948,medicine,Paul Hermann Müller
1948,physics,Patrick Maynard Stuart Blackett
1949,chemistry,William Francis Giauque
1949,literature,William Faulkner
1949,medicine,Antonio Caetano de Abreu Freire Egas Moniz
1949,medicine,Walter Rudolf Hess
1949,peace,Lord (John) Boyd Orr of Brechin
1949,physics,Hideki Yukawa
1950,chemistry,Kurt Alder
1950,chemistry,Otto Paul Hermann Diels
1950,literature,Earl (Bertrand Arthur William) Russell
1950,medicine,Edward Calvin Kendall
1950,medicine,Philip Showalter Hench
1950,medicine,Tadeus Reichstein
1950,peace,Ralph Bunche
1950,physics,Cecil Frank Powell
1951,chemistry,Edwin Mattison McMillan
1951,chemistry,Glenn Theodore Seaborg
1951,literature,Pär Fabian Lagerkvist
1951,medicine,Max Theiler
1951,peace,Léon Jouhaux
1951,physics,Ernest Thomas Sinton Walton
1951,physics,Sir John Douglas Cockcroft
1952,chemistry,Archer John Porter Martin
1952,chemistry,Richard Laurence Millington Synge
1952,literature,François Mauriac
1952,medicine,Selman Abraham Waksman
1952,peace,Albert Schweitzer
1952,physics,Edward Mills Purcell
1952,physics,Felix Bloch
1953,chemistry,Hermann Staudinger
1953,literature,Sir Winston Leonard Spencer Churchill
1953,medicine,Fritz Albert Lipmann
1953,medicine,Hans Adolf Krebs
1953,peace,George Catlett Marshall
1953,physics,Frits Zernike
1954,chemistry,Linus Carl Pauling
1954,literature,Ernest Miller Hemingway
1954,medicine,Frederick Chapman Robbins
1954,medicine,John Franklin Enders
1954,medicine,Thomas Huckle Weller
1954,peace,Office of the United Nations High Commissioner for Refugees (UNHCR)
1954,physics,Max Born
1954,physics,Walther Bothe
1955,chemistry,Vincent du Vigneaud
1955,literature,Halldór Kiljan Laxness
1955,medicine,Axel Hugo Theodor Theorell
1955,physics,Polykarp Kusch
1955,physics,Willis Eugene Lamb
1956,chemistry,Nikolay Nikolaevich Semenov
1956,chemistry,Sir Cyril Norman Hinshelwood
1956,literature,Juan Ramón Jiménez
1956,medicine,André Frédéric Cournand
1956,medicine,Dickinson Richards
1956,medicine,Werner Forssmann
1956,physics,John Bardeen
1956,physics,Walter Houser Brattain
1956,physics,William Bradford Shockley
1957,chemistry,Lord (Alexander) Todd
1957,literature,Albert Camus
1957,medicine,Daniel Bovet
1957,peace,Lester Bowles Pearson
1957,physics,Chen Ning Yang
1957,physics,Tsung-Dao (T.D.) Lee
1958,chemistry,Frederick Sanger
1958,literature,Boris Leonidovich Pasternak
1958,medicine,Edward Lawrie Tatum
1958,medicine,George Wells Beadle
1958,medicine,Joshua Lederberg
1958,peace,Georges Pire
1958,physics,Igor Yevgenyevich Tamm
1958,physics,Il´ja Mikhailovich Frank
1958,physics,Pavel Alekseyevich Cherenkov
1959,chemistry,Jaroslav Heyrovsky
1959,literature,Salvatore Quasimodo
1959,medicine,Arthur Kornberg
1959,medicine,Severo Ochoa
1959,peace,Philip Noel-Baker
1959,physics,Emilio Gino Segrè
1959,physics,Owen Chamberlain
1960,chemistry,Willard Frank Libby
1960,literature,Saint-John Perse
1960,medicine,Peter Brian Medawar
1960,medicine,Sir Frank Macfarlane Burnet
1960,peace,Albert John Lutuli
1960,physics,Donald Arthur Glaser
1961,chemistry,Melvin Calvin
1961,literature,Ivo Andric
1961,medicine,Georg von Békésy
1961,peace,Dag Hammarskjöld
1961,physics,Robert Hofstadter
1961,physics,Rudolf Ludwig Mössbauer
1962,chemistry,John Cowdery Kendrew
1962,chemistry,Max Ferdinand Perutz
1962,literature,John Steinbeck
1962,medicine,Francis Harry Compton Crick
1962,medicine,James Dewey Watson
1962,medicine,Maurice Hugh Frederick Wilkins
1962,peace,Linus Carl Pauling
1962,physics,Lev Davidovich Landau
1963,chemistry,Giulio Natta
1963,chemistry,Karl Ziegler
1963,literature,Giorgos Seferis
1963,medicine,Alan Lloyd Hodgkin
1963,medicine,Andrew Fielding Huxley
1963,medicine,Sir John Carew Eccles
1963,peace,Comité international de la Croix Rouge (International Committee of the Red Cross)
1963,peace,Ligue des Sociétés de la Croix-Rouge (League of Red Cross Societies)
1963,physics,Eugene Paul Wigner
1963,physics,J. Hans Jensen
1963,physics,Maria Goeppert Mayer
1964,chemistry,Dorothy Crowfoot Hodgkin
1964,literature,Jean-Paul Sartre
1964,medicine,Feodor Lynen
1964,medicine,Konrad Bloch
1964,peace,Martin Luther King Jr.
1964,physics,Aleksandr Mikhailovich Prokhorov
1964,physics,Charles Hard Townes
1964,physics,Nicolay Gennadiyevich Basov
1965,chemistry,Robert Burns Woodward
1965,literature,Mikhail Aleksandrovich Sholokhov
1965,medicine,André Lwoff
1965,medicine,François Jacob
1965,medicine,Jacques Monod
1965,peace,United Nations Children’s Fund (UNICEF)
1965,physics,Julian Schwinger
1965,physics,Richard Feynman
1965,physics,Sin-Itiro Tomonaga
1966,chemistry,Robert Mulliken
1966,literature,Nelly Sachs
1966,literature,Shmuel Yosef Agnon
1966,medicine,Charles Brenton Huggins
1966,medicine,Peyton Rous
1966,physics,Alfred Kastler
1967,chemistry,George Porter
1967,chemistry,Manfred Eigen
1967,chemistry,Ronald George Wreyford Norrish
1967,literature,Miguel Angel Asturias
1967,medicine,George Wald
1967,medicine,Haldan Keffer Hartline
1967,medicine,Ragnar Granit
1967,physics,Hans Albrecht Bethe
1968,chemistry,Lars Onsager
1968,literature,Yasunari Kawabata
1968,medicine,Har Gobind Khorana
1968,medicine,Marshall Nirenberg
1968,medicine,Robert Holley
1968,peace,René Cassin
1968,physics,Luis Walter Alvarez
1969,chemistry,Derek Barton
1969,chemistry,Odd Hassel
1969,economics,Jan Tinbergen
1969,economics,Ragnar Frisch
1969,literature,Samuel Beckett
1969,medicine,Alfred Hershey
1969,medicine,Max Delbrück
1969,medicine,Salvador Luria
1969,peace,International Labour Organization (ILO)
1969,physics,Murray Gell-Mann
1970,chemistry,Luis Leloir
1970,economics,Paul Samuelson
1970,literature,Aleksandr Isayevich Solzhenitsyn
1970,medicine,Julius Axelrod
1970,medicine,Sir Bernard Katz
1970,medicine,Ulf von Euler
1970,peace,Norman Borlaug
1970,physics,Hannes Olof Gösta Alfvén
1970,physics,Louis Eugène Félix Néel
1971,chemistry,Gerhard Herzberg
1971,economics,Simon Kuznets
1971,literature,Pablo Neruda
1971,medicine,"Earl Sutherland, Jr."
1971,peace,Willy Brandt
1971,physics,Dennis Gabor
1972,chemistry,Christian Anfinsen
1972,chemistry,Stanford Moore
1972,chemistry,William Stein
1972,economics,John Hicks
1972,economics,Kenneth Arrow
1972,literature,Heinrich Böll
1972,medicine,Gerald Edelman
1972,medicine,Rodney Porter
1972,physics,John Bardeen
1972,physics,John Robert Schrieffer
1972,physics,Leon Neil Cooper
1973,chemistry,Ernst Otto Fischer
1973,chemistry,Geoffrey Wilkinson
1973,economics,Wassily Leontief
1973,literature,Patrick White
1973,medicine,Karl von Frisch
1973,medicine,Konrad Lorenz
1973,medicine,Nikolaas Tinbergen
1973,peace,Henry Kissinger
1973,peace,Le Duc Tho
1973,physics,Brian David Josephson
1973,physics,Ivar Giaever
1973,physics,Leo Esaki
1974,chemistry,Paul Flory
1974,economics,Friedrich August von Hayek
1974,economics,Gunnar Myrdal
1974,literature,Eyvind Johnson
1974,literature,Harry Martinson
1974,medicine,Albert Claude
1974,medicine,Christian de Duve
1974,medicine,George Palade
1974,peace,Eisaku Sato
1974,peace,Seán MacBride
1974,physics,Antony Hewish
1974,physics,Sir Martin Ryle
1975,chemistry,John Warcup Cornforth
1975,chemistry,Vladimir Prelog
1975,economics,Leonid Vitaliyevich Kantorovich
1975,economics,Tjalling Koopmans
1975,literature,Eugenio Montale
1975,medicine,David Baltimore
1975,medicine,Howard Martin Temin
1975,medicine,Renato Dulbecco
1975,peace,Andrei Dmitrievich Sakharov
1975,physics,Aage Niels Bohr
1975,physics,Ben Roy Mottelson
1975,physics,Leo James Rainwater
1976,chemistry,William Lipscomb
1976,economics,Milton Friedman
1976,literature,Saul Bellow
1976,medicine,Baruch Blumberg
1976,medicine,D. Carleton Gajdusek
1976,peace,Betty Williams
1976,peace,Mairead Corrigan
1976,physics,Burton Richter
1976,physics,Samuel Chao Chung Ting
1977,chemistry,Ilya Prigogine
1977,economics,Bertil Ohlin
1977,economics,James Meade
1977,literature,Vicente Aleixandre
1977,medicine,Andrew Schally
1977,medicine,Roger Guillemin
1977,medicine,Rosalyn Yalow
1977,peace,Amnesty International
1977,physics,John Hasbrouck Van Vleck
1977,physics,Philip Warren Anderson
1977,physics,Sir Nevill Francis Mott
1978,chemistry,Peter Mitchell
1978,economics,Herbert Simon
1978,literature,Isaac Bashevis Singer
1978,medicine,Daniel Nathans
1978,medicine,Hamilton Smith
1978,medicine,Werner Arber
1978,peace,Menachem Begin
1978,peace,Mohamed Anwar al-Sadat
1978,physics,Arno Allan Penzias
1978,physics,Pyotr Leonidovich Kapitsa
1978,physics,Robert Woodrow Wilson
1979,chemistry,Georg Wittig
1979,chemistry,Herbert Brown
1979,economics,Sir Arthur Lewis
1979,economics,Theodore Schultz
1979,literature,Odysseus Elytis
1979,medicine,Allan Cormack
1979,medicine,Godfrey Hounsfield
1979,peace,Mother Teresa
1979,physics,Abdus Salam
1979,physics,Sheldon Lee Glashow
1979,physics,Steven Weinberg
1980,chemistry,Frederick Sanger
1980,chemistry,Paul Berg
1980,chemistry,Walter Gilbert
1980,economics,Lawrence Klein
1980,literature,Czeslaw Milosz
1980,medicine,Baruj Benacerraf
1980,medicine,George Snell
1980,medicine,Jean Dausset
1980,peace,Adolfo Pérez Esquivel
1980,physics,James Watson Cronin
1980,physics,Val Logsdon Fitch
1981,chemistry,Kenichi Fukui
1981,chemistry,Roald Hoffmann
1981,economics,James Tobin
1981,literature,Elias Canetti
1981,medicine,David Hubel
1981,medicine,Roger Sperry
1981,medicine,Torsten Wiesel
1981,peace,Office of the United Nations High Commissioner for Refugees (UNHCR)
1981,physics,Arthur Leonard Schawlow
1981,physics,Kai Siegbahn
1981,physics,Nicolaas Bloembergen
1982,chemistry,Aaron Klug
1982,economics,George Stigler
1982,literature,Gabriel García Márquez
1982,medicine,Bengt Samuelsson
1982,medicine,John Vane
1982,medicine,Sune Bergström
1982,peace,Alfonso García Robles
1982,peace,Alva Myrdal
1982,physics,Kenneth Wilson
1983,chemistry,Henry Taube
1983,economics,Gerard Debreu
1983,literature,William Golding
1983,medicine,Barbara McClintock
1983,peace,Lech Walesa
1983,physics,Subramanyan Chandrasekhar
1983,physics,William Alfred Fowler
1984,chemistry,Robert Bruce Merrifield
1984,economics,Richard Stone
1984,literature,Jaroslav Seifert
1984,medicine,César Milstein
1984,medicine,Georges F. Köhler
1984,medicine,Niels Jerne
1984,peace,Desmond Mpilo Tutu
1984,physics,Carlo Rubbia
1984,physics,Simon van der Meer
1985,chemistry,Herbert Hauptman
1985,chemistry,Jerome Karle
1985,economics,Franco Modigliani
1985,literature,Claude Simon
1985,medicine,Joseph Goldstein
1985,medicine,Michael Brown
1985,peace,International Physicians for the Prevention of Nuclear War
1985,physics,Klaus von Klitzing
1986,chemistry,Dudley Herschbach
1986,chemistry,John Polanyi
1986,chemistry,Yuan Lee
1986,economics,James Buchanan Jr.
1986,literature,Wole Soyinka
1986,medicine,Rita Levi-Montalcini
1986,medicine,Stanley Cohen
1986,peace,Elie Wiesel
1986,physics,Ernst Ruska
1986,physics,Gerd Binnig
1986,physics,Heinrich Rohrer
1987,chemistry,Charles Pedersen
1987,chemistry,Donald Cram
1987,chemistry,Jean-Marie Lehn
1987,economics,Robert Solow
1987,literature,Joseph Brodsky
1987,medicine,Susumu Tonegawa
1987,peace,Oscar Arias Sánchez
1987,physics,J. Georg Bednorz
1987,physics,K. Alexander Müller
1988,chemistry,Hartmut Michel
1988,chemistry,Johann Deisenhofer
1988,chemistry,Robert Huber
1988,economics,Maurice Allais
1988,literature,Naguib Mahfouz
1988,medicine,George Hitchings
1988,medicine,Gertrude Elion
1988,medicine,Sir James Black
1988,peace,United Nations Peacekeeping Forces
1988,physics,Jack Steinberger
1988,physics,Leon Lederman
1988,physics,Melvin Schwartz
1989,chemistry,Sidney Altman
1989,chemistry,Thomas Cech
1989,economics,Trygve Haavelmo
1989,literature,Camilo José Cela
1989,medicine,Harold Varmus
1989,medicine,J. Michael Bishop
1989,peace,The 14th Dalai Lama (Tenzin Gyatso)
1989,physics,Hans Dehmelt
1989,physics,Norman Ramsey
1989,physics,Wolfgang Paul
1990,chemistry,Elias James Corey
1990,economics,Harry Markowitz
1990,economics,Merton Miller
1990,economics,William Sharpe
1990,literature,Octavio Paz
1990,medicine,E. Donnall Thomas
1990,medicine,Joseph Murray
1990,peace,Mikhail Sergeyevich Gorbachev
1990,physics,Henry Kendall
1990,physics,Jerome Friedman
1990,physics,Richard Taylor
1991,chemistry,Richard Ernst
1991,economics,Ronald Coase
1991,literature,Nadine Gordimer
1991,medicine,Bert Sakmann
1991,medicine,Erwin Neher
1991,peace,Aung San Suu Kyi
1991,physics,Pierre-Gilles de Gennes
1992,chemistry,Rudolph Marcus
1992,economics,Gary Becker
1992,literature,Derek Walcott
1992,medicine,Edmond Fischer
1992,medicine,Edwin Krebs
1992,peace,Rigoberta Menchú Tum
1992,physics,Georges Charpak
1993,chemistry,Kary Mullis
1993,chemistry,Michael Smith
1993,economics,Douglass North
1993,economics,Robert Fogel
1993,literature,Toni Morrison
1993,medicine,Phillip Sharp
1993,medicine,Richard Roberts
1993,peace,Frederik Willem de Klerk
1993,peace,Nelson Mandela
1993,physics,Joseph Taylor Jr.
1993,physics,Russell Hulse
1994,chemistry,George Olah
1994,economics,John Harsanyi
1994,economics,John Nash Jr.
1994,economics,Reinhard Selten
1994,literature,Kenzaburo Oe
1994,medicine,Alfred Gilman
1994,medicine,Martin Rodbell
1994,peace,Shimon Peres
1994,peace,Yasser Arafat
1994,peace,Yitzhak Rabin
1994,physics,Bertram Brockhouse
1994,physics,Clifford Shull
1995,chemistry,F. Sherwood Rowland
1995,chemistry,Mario Molina
1995,chemistry,Paul Crutzen
1995,economics,Robert Lucas Jr.
1995,literature,Seamus Heaney
1995,medicine,Christiane Nüsslein-Volhard
1995,medicine,Edward Lewis
1995,medicine,Eric Wieschaus
1995,peace,Joseph Rotblat
1995,peace,Pugwash Conferences on Science and World Affairs
1995,physics,Frederick Reines
1995,physics,Martin Perl
1996,chemistry,Richard Smalley
1996,chemistry,Robert Curl Jr.
1996,chemistry,Sir Harold Kroto
1996,economics,James Mirrlees
1996,economics,William Vickrey
1996,literature,Wisława Szymborska
1996,medicine,Peter Doherty
1996,medicine,Rolf Zinkernagel
1996,peace,Carlos Filipe Ximenes Belo
1996,peace,José Ramos-Horta
1996,physics,David Lee
1996,physics,Douglas Osheroff
1996,physics,Robert Richardson
1997,chemistry,Jens Skou
1997,chemistry,John Walker
1997,chemistry,Paul Boyer
1997,economics,Myron Scholes
1997,economics,Robert Merton
1997,literature,Dario Fo
1997,medicine,Stanley Prusiner
1997,peace,International Campaign to Ban Landmines (ICBL)
1997,peace,Jody Williams
1997,physics,Claude Cohen-Tannoudji
1997,physics,Steven Chu
1997,physics,William Phillips
1998,chemistry,John Pople
1998,chemistry,Walter Kohn
1998,economics,Amartya Sen
1998,literature,José Saramago
1998,medicine,Ferid Murad
1998,medicine,Louis Ignarro
1998,medicine,Robert Furchgott
1998,peace,David Trimble
1998,peace,John Hume
1998,physics,Daniel Tsui
1998,physics,Horst Störmer
1998,physics,Robert Laughlin
1999,chemistry,Ahmed Zewail
1999,economics,Robert Mundell
1999,literature,Günter Grass
1999,medicine,Günter Blobel
1999,peace,Médecins Sans Frontières
1999,physics,Gerardus ‘t Hooft
1999,physics,Martinus G. Veltman
2000,chemistry,Alan Heeger
2000,chemistry,Alan MacDiarmid
2000,chemistry,Hideki Shirakawa
2000,economics,Daniel McFadden
2000,economics,James Heckman
2000,literature,Gao Xingjian
2000,medicine,Arvid Carlsson
2000,medicine,Eric Kandel
2000,medicine,Paul Greengard
2000,peace,Kim Dae-jung
2000,physics,Herbert Kroemer
2000,physics,Jack Kilby
2000,physics,Zhores Alferov
2001,chemistry,K. Barry Sharpless
2001,chemistry,Ryoji Noyori
2001,chemistry,William Knowles
2001,economics,A. Michael Spence
2001,economics,George Akerlof
2001,economics,Joseph Stiglitz
2001,literature,Sir Vidiadhar Surajprasad Naipaul
2001,medicine,Leland Hartwell
2001,medicine,Sir Paul Nurse
2001,medicine,Tim Hunt
2001,peace,Kofi Annan
2001,peace,United Nations (UN)
2001,physics,Carl Wieman
2001,physics,Eric Cornell
2001,physics,Wolfgang Ketterle
2002,chemistry,John Fenn
2002,chemistry,Koichi Tanaka
2002,chemistry,Kurt Wüthrich
2002,economics,Daniel Kahneman
2002,economics,Vernon Smith
2002,literature,Imre Kertész
2002,medicine,H. Robert Horvitz
2002,medicine,John Sulston
2002,medicine,Sydney Brenner
2002,peace,Jimmy Carter
2002,physics,Masatoshi Koshiba
2002,physics,Raymond Davis Jr.
2002,physics,Riccardo Giacconi
2003,chemistry,Peter Agre
2003,chemistry,Roderick MacKinnon
2003,economics,Clive J. Granger
2003,economics,Robert Engle III
2003,literature,John Coetzee
2003,medicine,Paul Lauterbur
2003,medicine,Sir Peter Mansfield
2003,peace,Shirin Ebadi
2003,physics,Alexei Abrikosov
2003,physics,Anthony Leggett
2003,physics,Vitaly Ginzburg
2004,chemistry,Aaron Ciechanover
2004,chemistry,Avram Hershko
2004,chemistry,Irwin Rose
2004,economics,Edward Prescott
2004,economics,Finn Kydland
2004,literature,Elfriede Jelinek
2004,medicine,Linda Buck
2004,medicine,Richard Axel
2004,peace,Wangari Muta Maathai
2004,physics,David Gross
2004,physics,Frank Wilczek
2004,physics,H. David Politzer
2005,chemistry,Richard Schrock
2005,chemistry,Robert Grubbs
2005,chemistry,Yves Chauvin
2005,economics,Robert Aumann
2005,economics,Thomas Schelling
2005,literature,Harold Pinter
2005,medicine,Barry Marshall
2005,medicine,J. Robin Warren
2005,peace,International Atomic Energy Agency (IAEA)
2005,peace,Mohamed ElBaradei
2005,physics,John Hall
2005,physics,Roy Glauber
2005,physics,Theodor Hänsch
2006,chemistry,Roger Kornberg
2006,economics,Edmund Phelps
2006,literature,Orhan Pamuk
2006,medicine,Andrew Fire
2006,medicine,Craig Mello
2006,peace,Grameen Bank
2006,peace,Muhammad Yunus
2006,physics,George Smoot
2006,physics,John Mather
2007,chemistry,Gerhard Ertl
2007,economics,Eric Maskin
2007,economics,Leonid Hurwicz
2007,economics,Roger Myerson
2007,literature,Doris Lessing
2007,medicine,Mario Capecchi
2007,medicine,Oliver Smithies
2007,medicine,Sir Martin Evans
2007,peace,Albert Arnold (Al) Gore Jr.
2007,peace,Intergovernmental Panel on Climate Change (IPCC)
2007,physics,Albert Fert
2007,physics,Peter Grünberg
2008,chemistry,Martin Chalfie
2008,chemistry,Osamu Shimomura
2008,chemistry,Roger Tsien
2008,economics,Paul Krugman
2008,literature,Jean-Marie Gustave Le Clézio
2008,medicine,Françoise Barré-Sinoussi
2008,medicine,Harald zur Hausen
2008,medicine,Luc Montagnier
2008,peace,Martti Ahtisaari
2008,physics,Makoto Kobayashi
2008,physics,Toshihide Maskawa
2008,physics,Yoichiro Nambu
2009,chemistry,Ada Yonath
2009,chemistry,Thomas Steitz
2009,chemistry,Venkatraman Ramakrishnan
2009,economics,Elinor Ostrom
2009,economics,Oliver Williamson
2009,literature,Herta Müller
2009,medicine,Carol Greider
2009,medicine,Elizabeth Blackburn
2009,medicine,Jack Szostak
2009,peace,Barack Obama
2009,physics,Charles Kuen Kao
2009,physics,George Smith
2009,physics,Willard Boyle
2010,chemistry,Akira Suzuki
2010,chemistry,Ei-ichi Negishi
2010,chemistry,Richard Heck
2010,economics,Christopher Pissarides
2010,economics,Dale Mortensen
2010,economics,Peter Diamond
2010,literature,Mario Vargas Llosa
2010,medicine,Robert Edwards
2010,peace,Liu Xiaobo
2010,physics,Andre Geim
2010,physics,Konstantin Novoselov
2011,chemistry,Dan Shechtman
2011,economics,Christopher Sims
2011,economics,Thomas Sargent
2011,literature,Tomas Tranströmer
2011,medicine,Bruce Beutler
2011,medicine,Jules Hoffmann
2011,medicine,Ralph Steinman
2011,peace,Ellen Johnson Sirleaf
2011,peace,Leymah Gbowee
2011,peace,Tawakkol Karman
2011,physics,Adam Riess
2011,physics,Brian Schmidt
2011,physics,Saul Perlmutter
2012,chemistry,Brian Kobilka
2012,chemistry,Robert Lefkowitz
2012,economics,Alvin Roth
2012,economics,Lloyd Shapley
2012,literature,Mo Yan
2012,medicine,Shinya Yamanaka
2012,medicine,Sir John Gurdon
2012,peace,European Union (EU)
2012,physics,David Wineland
2012,physics,Serge Haroche
2013,chemistry,Arieh Warshel
2013,chemistry,Martin Karplus
2013,chemistry,Michael Levitt
2013,economics,Eugene Fama
2013,economics,Lars Peter Hansen
2013,economics,Robert Shiller
2013,literature,Alice Munro
2013,medicine,James Rothman
2013,medicine,Randy Schekman
2013,medicine,Thomas Südhof
2013,peace,Organisation for the Prohibition of Chemical Weapons (OPCW)
2013,physics,François Englert
2013,physics,Peter Higgs
2014,chemistry,Eric Betzig
2014,chemistry,Stefan Hell
2014,chemistry,William Moerner
2014,economics,Jean Tirole
2014,literature,Patrick Modiano
2014,medicine,Edvard Moser
2014,medicine,John O’Keefe
2014,medicine,May-Britt Moser
2014,peace,Kailash Satyarthi
2014,peace,Malala Yousafzai
2014,physics,Hiroshi Amano
2014,physics,Isamu Akasaki
2014,physics,Shuji Nakamura
2015,chemistry,Aziz Sancar
2015,chemistry,Paul Modrich
2015,chemistry,Tomas Lindahl
2015,economics,Angus Deaton
2015,literature,Svetlana Alexievich
2015,medicine,Satoshi Ōmura
2015,medicine,Tu Youyou
2015,medicine,William Campbell
2015,peace,National Dialogue Quartet
2015,physics,Arthur McDonald
2015,physics,Takaaki Kajita
2016,chemistry,Bernard Feringa
2016,chemistry,Jean-Pierre Sauvage
2016,chemistry,Sir Fraser Stoddart
2016,economics,Bengt Holmström
2016,economics,Oliver Hart
2016,literature,Bob Dylan
2016,medicine,Yoshinori Ohsumi
2016,peace,Juan Manuel Santos
2016,physics,David Thouless
2016,physics,F. Duncan Haldane
2016,physics,J. Michael Kosterlitz
2017,chemistry,Jacques Dubochet
2017,chemistry,Joachim Frank
2017,chemistry,Richard Henderson
2017,economics,Richard Thaler
2017,literature,Kazuo Ishiguro
2017,medicine,Jeffrey Hall
2017,medicine,Michael Rosbash
2017,medicine,Michael Young
2017,peace,International Campaign to Abolish Nuclear Weapons (ICAN)
2017,physics,Barry Barish
2017,physics,Kip Thorne
2017,physics,Rainer Weiss
2018,chemistry,Frances Arnold
2018,chemistry,George Smith
2018,chemistry,Sir Gregory Winter
2018,economics,Paul Romer
2018,economics,William Nordhaus
2018,literature,Olga Tokarczuk
2018,medicine,James Allison
2018,medicine,Tasuku Honjo
2018,peace,Denis Mukwege
2018,peace,Nadia Murad
2018,physics,Arthur Ashkin
2018,physics,Donna Strickland
2018,physics,Gérard Mourou
2019,chemistry,Akira Yoshino
2019,chemistry,John Goodenough
2019,chemistry,M. Stanley Whittingham
2019,economics,Abhijit Banerjee
2019,economics,Esther Duflo
2019,economics,Michael Kremer
2019,literature,Peter Handke
2019,medicine,Gregg Semenza
2019,medicine,Sir Peter Ratcliffe
2019,medicine,William Kaelin Jr
2019,peace,Abiy Ahmed Ali
2019,physics,Didier Queloz
2019,physics,James Peebles
2019,physics,Michel Mayor
2020,chemistry,Emmanuelle Charpentier
2020,chemistry,Jennifer Doudna
2020,economics,Paul Milgrom
2020,economics,Robert Wilson
2020,literature,Louise Glück
2020,medicine,Charles Rice
2020,medicine,Harvey Alter
2020,medicine,Michael Houghton
2020,peace,World Food Programme (WFP)
2020,physics,Andrea Ghez
2020,physics,Reinhard Genzel
2020,physics,Roger Penrose
2021,chemistry,Benjamin List
2021,chemistry,David MacMillan
2021,literature,Abdulrazak Gurnah
2021,medicine,Ardem Patapoutian
2021,medicine,David Julius
2021,peace,Dmitry Muratov
2021,peace,Maria Ressa
2021,physics,Giorgio Parisi
2021,physics,Klaus Hasselmann
2021,physics,Syukuro Manabe
2022,chemistry,Carolyn Bertozzi
2022,chemistry,K. Barry Sharpless
2022,chemistry,Morten Meldal
2022,literature,Annie Ernaux
2022,medicine,Svante Pääbo
2022,peace,Ales Bialiatski
2022,peace,Center for Civil Liberties
2022,peace,Memorial
2022,physics,Alain Aspect
2022,physics,Anton Zeilinger
2022,physics,John Clauser
